Circuit	ABC-T	ABC-P	DC-T	DC-P
ctrl	0.048599746	0.8650662	0.057593302	0.865066
dec	0.063498473	0.9878026	181.309190159	0.987803
int2float	nan	nan	4.213519343	0.901323
