Circuit	BSP-T	BSP-P	BSPnr-T	BSPnr-P	DC-T	DC-P
cavlc	nan	nan	0.056158228	0.9780090	nan	nan
ctrl	0.048680142	0.8650662	0.046099405	0.8650662	0.058327541	0.865066
dec	0.060985229	0.9878026	0.048481366	0.9878026	181.130235952	0.987803
int2float	nan	nan	0.047042431	0.9013230	4.211664302	0.901323
router	nan	nan	2.748810457	0.8960186	nan	nan
